packet_id,source,destination,taille,priorite,latence_totale,chemin
PKT-0-0,PC1,PC2,100,1,0,
PKT-0-1,PC1,PC2,100,1,0,
PKT-0-2,PC1,PC2,100,1,0,
PKT-0-3,PC1,PC2,100,1,0,
PKT-0-4,PC1,PC2,100,1,0,
PKT-0-5,PC1,PC2,100,1,0,
PKT-0-6,PC1,PC2,100,1,0,
PKT-0-7,PC1,PC2,100,1,0,
PKT-0-8,PC1,PC2,100,1,0,
PKT-0-9,PC1,PC2,100,1,0,
PKT-0-10,PC1,PC2,100,1,0,
PKT-0-11,PC1,PC2,100,1,0,
PKT-0-12,PC1,PC2,100,1,0,
PKT-0-13,PC1,PC2,100,1,0,
PKT-0-14,PC1,PC2,100,1,0,
PKT-0-15,PC1,PC2,100,1,0,
PKT-0-16,PC1,PC2,100,1,0,
PKT-0-17,PC1,PC2,100,1,0,
PKT-0-18,PC1,PC2,100,1,0,
PKT-0-19,PC1,PC2,100,1,0,
PKT-0-20,PC1,PC2,100,1,0,
PKT-0-21,PC1,PC2,100,1,0,
PKT-0-22,PC1,PC2,100,1,0,
PKT-0-23,PC1,PC2,100,1,0,
PKT-0-24,PC1,PC2,100,1,0,
PKT-0-25,PC1,PC2,100,1,0,
PKT-0-26,PC1,PC2,100,1,0,
PKT-0-27,PC1,PC2,100,1,0,
PKT-0-28,PC1,PC2,100,1,0,
PKT-0-29,PC1,PC2,100,1,0,
PKT-0-30,PC1,PC2,100,1,0,
PKT-0-31,PC1,PC2,100,1,0,
PKT-0-32,PC1,PC2,100,1,0,
PKT-0-33,PC1,PC2,100,1,0,
PKT-0-34,PC1,PC2,100,1,0,
PKT-0-35,PC1,PC2,100,1,0,
PKT-0-36,PC1,PC2,100,1,0,
PKT-0-37,PC1,PC2,100,1,0,
PKT-0-38,PC1,PC2,100,1,0,
PKT-0-39,PC1,PC2,100,1,0,
PKT-0-40,PC1,PC2,100,1,0,
PKT-0-41,PC1,PC2,100,1,0,
PKT-0-42,PC1,PC2,100,1,0,
PKT-0-43,PC1,PC2,100,1,0,
PKT-0-44,PC1,PC2,100,1,0,
PKT-0-45,PC1,PC2,100,1,0,
PKT-0-46,PC1,PC2,100,1,0,
PKT-0-47,PC1,PC2,100,1,0,
PKT-0-48,PC1,PC2,100,1,0,
PKT-0-49,PC1,PC2,100,1,0,
PKT-0-50,PC1,PC2,100,1,0,
PKT-0-51,PC1,PC2,100,1,0,
PKT-0-52,PC1,PC2,100,1,0,
PKT-0-53,PC1,PC2,100,1,0,
PKT-0-54,PC1,PC2,100,1,0,
PKT-1-55,PC1,PC2,100,1,0,
PKT-1-56,PC1,PC2,100,1,0,
PKT-1-57,PC1,PC2,100,1,0,
PKT-1-58,PC1,PC2,100,1,0,
PKT-1-59,PC1,PC2,100,1,0,
PKT-1-60,PC1,PC2,100,1,0,
PKT-1-61,PC1,PC2,100,1,0,
PKT-1-62,PC1,PC2,100,1,0,
PKT-1-63,PC1,PC2,100,1,0,
PKT-1-64,PC1,PC2,100,1,0,
PKT-1-65,PC1,PC2,100,1,0,
PKT-1-66,PC1,PC2,100,1,0,
PKT-1-67,PC1,PC2,100,1,0,
PKT-1-68,PC1,PC2,100,1,0,
PKT-1-69,PC1,PC2,100,1,0,
PKT-1-70,PC1,PC2,100,1,0,
PKT-1-71,PC1,PC2,100,1,0,
PKT-1-72,PC1,PC2,100,1,0,
PKT-1-73,PC1,PC2,100,1,0,
PKT-1-74,PC1,PC2,100,1,0,
PKT-1-75,PC1,PC2,100,1,0,
PKT-1-76,PC1,PC2,100,1,0,
PKT-1-77,PC1,PC2,100,1,0,
PKT-1-78,PC1,PC2,100,1,0,
PKT-1-79,PC1,PC2,100,1,0,
PKT-1-80,PC1,PC2,100,1,0,
PKT-1-81,PC1,PC2,100,1,0,
PKT-1-82,PC1,PC2,100,1,0,
PKT-1-83,PC1,PC2,100,1,0,
PKT-1-84,PC1,PC2,100,1,0,
PKT-1-85,PC1,PC2,100,1,0,
PKT-1-86,PC1,PC2,100,1,0,
PKT-1-87,PC1,PC2,100,1,0,
PKT-1-88,PC1,PC2,100,1,0,
PKT-1-89,PC1,PC2,100,1,0,
PKT-1-90,PC1,PC2,100,1,0,
PKT-1-91,PC1,PC2,100,1,0,
PKT-1-92,PC1,PC2,100,1,0,
PKT-1-93,PC1,PC2,100,1,0,
PKT-1-94,PC1,PC2,100,1,0,
PKT-1-95,PC1,PC2,100,1,0,
PKT-1-96,PC1,PC2,100,1,0,
PKT-1-97,PC1,PC2,100,1,0,
PKT-1-98,PC1,PC2,100,1,0,
PKT-1-99,PC1,PC2,100,1,0,
PKT-1-100,PC1,PC2,100,1,0,
PKT-1-101,PC1,PC2,100,1,0,
PKT-1-102,PC1,PC2,100,1,0,
PKT-1-103,PC1,PC2,100,1,0,
PKT-1-104,PC1,PC2,100,1,0,
PKT-1-105,PC1,PC2,100,1,0,
PKT-1-106,PC1,PC2,100,1,0,
PKT-1-107,PC1,PC2,100,1,0,
PKT-1-108,PC1,PC2,100,1,0,
PKT-1-109,PC1,PC2,100,1,0,
PKT-2-110,PC1,PC2,100,1,0,
PKT-2-111,PC1,PC2,100,1,0,
PKT-2-112,PC1,PC2,100,1,0,
PKT-2-113,PC1,PC2,100,1,0,
PKT-2-114,PC1,PC2,100,1,0,
PKT-2-115,PC1,PC2,100,1,0,
PKT-2-116,PC1,PC2,100,1,0,
PKT-2-117,PC1,PC2,100,1,0,
PKT-2-118,PC1,PC2,100,1,0,
PKT-2-119,PC1,PC2,100,1,0,
PKT-2-120,PC1,PC2,100,1,0,
PKT-2-121,PC1,PC2,100,1,0,
PKT-2-122,PC1,PC2,100,1,0,
PKT-2-123,PC1,PC2,100,1,0,
PKT-2-124,PC1,PC2,100,1,0,
PKT-2-125,PC1,PC2,100,1,0,
PKT-2-126,PC1,PC2,100,1,0,
PKT-2-127,PC1,PC2,100,1,0,
PKT-2-128,PC1,PC2,100,1,0,
PKT-2-129,PC1,PC2,100,1,0,
PKT-2-130,PC1,PC2,100,1,0,
PKT-2-131,PC1,PC2,100,1,0,
PKT-2-132,PC1,PC2,100,1,0,
PKT-2-133,PC1,PC2,100,1,0,
PKT-2-134,PC1,PC2,100,1,0,
PKT-2-135,PC1,PC2,100,1,0,
PKT-2-136,PC1,PC2,100,1,0,
PKT-2-137,PC1,PC2,100,1,0,
PKT-2-138,PC1,PC2,100,1,0,
PKT-2-139,PC1,PC2,100,1,0,
PKT-2-140,PC1,PC2,100,1,0,
PKT-2-141,PC1,PC2,100,1,0,
PKT-2-142,PC1,PC2,100,1,0,
PKT-2-143,PC1,PC2,100,1,0,
PKT-2-144,PC1,PC2,100,1,0,
PKT-2-145,PC1,PC2,100,1,0,
PKT-2-146,PC1,PC2,100,1,0,
PKT-2-147,PC1,PC2,100,1,0,
PKT-2-148,PC1,PC2,100,1,0,
PKT-2-149,PC1,PC2,100,1,0,
PKT-2-150,PC1,PC2,100,1,0,
PKT-2-151,PC1,PC2,100,1,0,
PKT-2-152,PC1,PC2,100,1,0,
PKT-2-153,PC1,PC2,100,1,0,
PKT-2-154,PC1,PC2,100,1,0,
PKT-2-155,PC1,PC2,100,1,0,
PKT-2-156,PC1,PC2,100,1,0,
PKT-2-157,PC1,PC2,100,1,0,
PKT-2-158,PC1,PC2,100,1,0,
PKT-2-159,PC1,PC2,100,1,0,
PKT-2-160,PC1,PC2,100,1,0,
PKT-2-161,PC1,PC2,100,1,0,
PKT-2-162,PC1,PC2,100,1,0,
PKT-2-163,PC1,PC2,100,1,0,
PKT-2-164,PC1,PC2,100,1,0,
PKT-3-165,PC1,PC2,100,1,0,
PKT-3-166,PC1,PC2,100,1,0,
PKT-3-167,PC1,PC2,100,1,0,
PKT-3-168,PC1,PC2,100,1,0,
PKT-3-169,PC1,PC2,100,1,0,
PKT-3-170,PC1,PC2,100,1,0,
PKT-3-171,PC1,PC2,100,1,0,
PKT-3-172,PC1,PC2,100,1,0,
PKT-3-173,PC1,PC2,100,1,0,
PKT-3-174,PC1,PC2,100,1,0,
PKT-3-175,PC1,PC2,100,1,0,
PKT-3-176,PC1,PC2,100,1,0,
PKT-3-177,PC1,PC2,100,1,0,
PKT-3-178,PC1,PC2,100,1,0,
PKT-3-179,PC1,PC2,100,1,0,
PKT-3-180,PC1,PC2,100,1,0,
PKT-3-181,PC1,PC2,100,1,0,
PKT-3-182,PC1,PC2,100,1,0,
PKT-3-183,PC1,PC2,100,1,0,
PKT-3-184,PC1,PC2,100,1,0,
PKT-3-185,PC1,PC2,100,1,0,
PKT-3-186,PC1,PC2,100,1,0,
PKT-3-187,PC1,PC2,100,1,0,
PKT-3-188,PC1,PC2,100,1,0,
PKT-3-189,PC1,PC2,100,1,0,
PKT-3-190,PC1,PC2,100,1,0,
PKT-3-191,PC1,PC2,100,1,0,
PKT-3-192,PC1,PC2,100,1,0,
PKT-3-193,PC1,PC2,100,1,0,
PKT-3-194,PC1,PC2,100,1,0,
PKT-3-195,PC1,PC2,100,1,0,
PKT-3-196,PC1,PC2,100,1,0,
PKT-3-197,PC1,PC2,100,1,0,
PKT-3-198,PC1,PC2,100,1,0,
PKT-3-199,PC1,PC2,100,1,0,
PKT-3-200,PC1,PC2,100,1,0,
PKT-3-201,PC1,PC2,100,1,0,
PKT-3-202,PC1,PC2,100,1,0,
PKT-3-203,PC1,PC2,100,1,0,
PKT-3-204,PC1,PC2,100,1,0,
PKT-3-205,PC1,PC2,100,1,0,
PKT-3-206,PC1,PC2,100,1,0,
PKT-3-207,PC1,PC2,100,1,0,
PKT-3-208,PC1,PC2,100,1,0,
PKT-3-209,PC1,PC2,100,1,0,
PKT-3-210,PC1,PC2,100,1,0,
PKT-3-211,PC1,PC2,100,1,0,
PKT-3-212,PC1,PC2,100,1,0,
PKT-3-213,PC1,PC2,100,1,0,
PKT-3-214,PC1,PC2,100,1,0,
PKT-3-215,PC1,PC2,100,1,0,
PKT-3-216,PC1,PC2,100,1,0,
PKT-3-217,PC1,PC2,100,1,0,
PKT-3-218,PC1,PC2,100,1,0,
PKT-3-219,PC1,PC2,100,1,0,
PKT-4-220,PC1,PC2,100,1,0,
PKT-4-221,PC1,PC2,100,1,0,
PKT-4-222,PC1,PC2,100,1,0,
PKT-4-223,PC1,PC2,100,1,0,
PKT-4-224,PC1,PC2,100,1,0,
PKT-4-225,PC1,PC2,100,1,0,
PKT-4-226,PC1,PC2,100,1,0,
PKT-4-227,PC1,PC2,100,1,0,
PKT-4-228,PC1,PC2,100,1,0,
PKT-4-229,PC1,PC2,100,1,0,
PKT-4-230,PC1,PC2,100,1,0,
PKT-4-231,PC1,PC2,100,1,0,
PKT-4-232,PC1,PC2,100,1,0,
PKT-4-233,PC1,PC2,100,1,0,
PKT-4-234,PC1,PC2,100,1,0,
PKT-4-235,PC1,PC2,100,1,0,
PKT-4-236,PC1,PC2,100,1,0,
PKT-4-237,PC1,PC2,100,1,0,
PKT-4-238,PC1,PC2,100,1,0,
PKT-4-239,PC1,PC2,100,1,0,
PKT-4-240,PC1,PC2,100,1,0,
PKT-4-241,PC1,PC2,100,1,0,
PKT-4-242,PC1,PC2,100,1,0,
PKT-4-243,PC1,PC2,100,1,0,
PKT-4-244,PC1,PC2,100,1,0,
PKT-4-245,PC1,PC2,100,1,0,
PKT-4-246,PC1,PC2,100,1,0,
PKT-4-247,PC1,PC2,100,1,0,
PKT-4-248,PC1,PC2,100,1,0,
PKT-4-249,PC1,PC2,100,1,0,
PKT-4-250,PC1,PC2,100,1,0,
PKT-4-251,PC1,PC2,100,1,0,
PKT-4-252,PC1,PC2,100,1,0,
PKT-4-253,PC1,PC2,100,1,0,
PKT-4-254,PC1,PC2,100,1,0,
PKT-4-255,PC1,PC2,100,1,0,
PKT-4-256,PC1,PC2,100,1,0,
PKT-4-257,PC1,PC2,100,1,0,
PKT-4-258,PC1,PC2,100,1,0,
PKT-4-259,PC1,PC2,100,1,0,
PKT-4-260,PC1,PC2,100,1,0,
PKT-4-261,PC1,PC2,100,1,0,
PKT-4-262,PC1,PC2,100,1,0,
PKT-4-263,PC1,PC2,100,1,0,
PKT-4-264,PC1,PC2,100,1,0,
PKT-4-265,PC1,PC2,100,1,0,
PKT-4-266,PC1,PC2,100,1,0,
PKT-4-267,PC1,PC2,100,1,0,
PKT-4-268,PC1,PC2,100,1,0,
PKT-4-269,PC1,PC2,100,1,0,
PKT-4-270,PC1,PC2,100,1,0,
PKT-4-271,PC1,PC2,100,1,0,
PKT-4-272,PC1,PC2,100,1,0,
PKT-4-273,PC1,PC2,100,1,0,
PKT-4-274,PC1,PC2,100,1,0,
PKT-5-275,PC1,PC2,100,1,0,
PKT-5-276,PC1,PC2,100,1,0,
PKT-5-277,PC1,PC2,100,1,0,
PKT-5-278,PC1,PC2,100,1,0,
PKT-5-279,PC1,PC2,100,1,0,
PKT-5-280,PC1,PC2,100,1,0,
PKT-5-281,PC1,PC2,100,1,0,
PKT-5-282,PC1,PC2,100,1,0,
PKT-5-283,PC1,PC2,100,1,0,
PKT-5-284,PC1,PC2,100,1,0,
PKT-5-285,PC1,PC2,100,1,0,
PKT-5-286,PC1,PC2,100,1,0,
PKT-5-287,PC1,PC2,100,1,0,
PKT-5-288,PC1,PC2,100,1,0,
PKT-5-289,PC1,PC2,100,1,0,
PKT-5-290,PC1,PC2,100,1,0,
PKT-5-291,PC1,PC2,100,1,0,
PKT-5-292,PC1,PC2,100,1,0,
PKT-5-293,PC1,PC2,100,1,0,
PKT-5-294,PC1,PC2,100,1,0,
PKT-5-295,PC1,PC2,100,1,0,
PKT-5-296,PC1,PC2,100,1,0,
PKT-5-297,PC1,PC2,100,1,0,
PKT-5-298,PC1,PC2,100,1,0,
PKT-5-299,PC1,PC2,100,1,0,
PKT-5-300,PC1,PC2,100,1,0,
PKT-5-301,PC1,PC2,100,1,0,
PKT-5-302,PC1,PC2,100,1,0,
PKT-5-303,PC1,PC2,100,1,0,
PKT-5-304,PC1,PC2,100,1,0,
PKT-5-305,PC1,PC2,100,1,0,
PKT-5-306,PC1,PC2,100,1,0,
PKT-5-307,PC1,PC2,100,1,0,
PKT-5-308,PC1,PC2,100,1,0,
PKT-5-309,PC1,PC2,100,1,0,
PKT-5-310,PC1,PC2,100,1,0,
PKT-5-311,PC1,PC2,100,1,0,
PKT-5-312,PC1,PC2,100,1,0,
PKT-5-313,PC1,PC2,100,1,0,
PKT-5-314,PC1,PC2,100,1,0,
PKT-5-315,PC1,PC2,100,1,0,
PKT-5-316,PC1,PC2,100,1,0,
PKT-5-317,PC1,PC2,100,1,0,
PKT-5-318,PC1,PC2,100,1,0,
PKT-5-319,PC1,PC2,100,1,0,
PKT-5-320,PC1,PC2,100,1,0,
PKT-5-321,PC1,PC2,100,1,0,
PKT-5-322,PC1,PC2,100,1,0,
PKT-5-323,PC1,PC2,100,1,0,
PKT-5-324,PC1,PC2,100,1,0,
PKT-5-325,PC1,PC2,100,1,0,
PKT-5-326,PC1,PC2,100,1,0,
PKT-5-327,PC1,PC2,100,1,0,
PKT-5-328,PC1,PC2,100,1,0,
PKT-5-329,PC1,PC2,100,1,0,
PKT-6-330,PC1,PC2,100,1,0,
PKT-6-331,PC1,PC2,100,1,0,
PKT-6-332,PC1,PC2,100,1,0,
PKT-6-333,PC1,PC2,100,1,0,
PKT-6-334,PC1,PC2,100,1,0,
PKT-6-335,PC1,PC2,100,1,0,
PKT-6-336,PC1,PC2,100,1,0,
PKT-6-337,PC1,PC2,100,1,0,
PKT-6-338,PC1,PC2,100,1,0,
PKT-6-339,PC1,PC2,100,1,0,
PKT-6-340,PC1,PC2,100,1,0,
PKT-6-341,PC1,PC2,100,1,0,
PKT-6-342,PC1,PC2,100,1,0,
PKT-6-343,PC1,PC2,100,1,0,
PKT-6-344,PC1,PC2,100,1,0,
PKT-6-345,PC1,PC2,100,1,0,
PKT-6-346,PC1,PC2,100,1,0,
PKT-6-347,PC1,PC2,100,1,0,
PKT-6-348,PC1,PC2,100,1,0,
PKT-6-349,PC1,PC2,100,1,0,
PKT-6-350,PC1,PC2,100,1,0,
PKT-6-351,PC1,PC2,100,1,0,
PKT-6-352,PC1,PC2,100,1,0,
PKT-6-353,PC1,PC2,100,1,0,
PKT-6-354,PC1,PC2,100,1,0,
PKT-6-355,PC1,PC2,100,1,0,
PKT-6-356,PC1,PC2,100,1,0,
PKT-6-357,PC1,PC2,100,1,0,
PKT-6-358,PC1,PC2,100,1,0,
PKT-6-359,PC1,PC2,100,1,0,
PKT-6-360,PC1,PC2,100,1,0,
PKT-6-361,PC1,PC2,100,1,0,
PKT-6-362,PC1,PC2,100,1,0,
PKT-6-363,PC1,PC2,100,1,0,
PKT-6-364,PC1,PC2,100,1,0,
PKT-6-365,PC1,PC2,100,1,0,
PKT-6-366,PC1,PC2,100,1,0,
PKT-6-367,PC1,PC2,100,1,0,
PKT-6-368,PC1,PC2,100,1,0,
PKT-6-369,PC1,PC2,100,1,0,
PKT-6-370,PC1,PC2,100,1,0,
PKT-6-371,PC1,PC2,100,1,0,
PKT-6-372,PC1,PC2,100,1,0,
PKT-6-373,PC1,PC2,100,1,0,
PKT-6-374,PC1,PC2,100,1,0,
PKT-6-375,PC1,PC2,100,1,0,
PKT-6-376,PC1,PC2,100,1,0,
PKT-6-377,PC1,PC2,100,1,0,
PKT-6-378,PC1,PC2,100,1,0,
PKT-6-379,PC1,PC2,100,1,0,
PKT-6-380,PC1,PC2,100,1,0,
PKT-6-381,PC1,PC2,100,1,0,
PKT-6-382,PC1,PC2,100,1,0,
PKT-6-383,PC1,PC2,100,1,0,
PKT-6-384,PC1,PC2,100,1,0,
PKT-7-385,PC1,PC2,100,1,0,
PKT-7-386,PC1,PC2,100,1,0,
PKT-7-387,PC1,PC2,100,1,0,
PKT-7-388,PC1,PC2,100,1,0,
PKT-7-389,PC1,PC2,100,1,0,
PKT-7-390,PC1,PC2,100,1,0,
PKT-7-391,PC1,PC2,100,1,0,
PKT-7-392,PC1,PC2,100,1,0,
PKT-7-393,PC1,PC2,100,1,0,
PKT-7-394,PC1,PC2,100,1,0,
PKT-7-395,PC1,PC2,100,1,0,
PKT-7-396,PC1,PC2,100,1,0,
PKT-7-397,PC1,PC2,100,1,0,
PKT-7-398,PC1,PC2,100,1,0,
PKT-7-399,PC1,PC2,100,1,0,
PKT-7-400,PC1,PC2,100,1,0,
PKT-7-401,PC1,PC2,100,1,0,
PKT-7-402,PC1,PC2,100,1,0,
PKT-7-403,PC1,PC2,100,1,0,
PKT-7-404,PC1,PC2,100,1,0,
PKT-7-405,PC1,PC2,100,1,0,
PKT-7-406,PC1,PC2,100,1,0,
PKT-7-407,PC1,PC2,100,1,0,
PKT-7-408,PC1,PC2,100,1,0,
PKT-7-409,PC1,PC2,100,1,0,
PKT-7-410,PC1,PC2,100,1,0,
PKT-7-411,PC1,PC2,100,1,0,
PKT-7-412,PC1,PC2,100,1,0,
PKT-7-413,PC1,PC2,100,1,0,
PKT-7-414,PC1,PC2,100,1,0,
PKT-7-415,PC1,PC2,100,1,0,
PKT-7-416,PC1,PC2,100,1,0,
PKT-7-417,PC1,PC2,100,1,0,
PKT-7-418,PC1,PC2,100,1,0,
PKT-7-419,PC1,PC2,100,1,0,
PKT-7-420,PC1,PC2,100,1,0,
PKT-7-421,PC1,PC2,100,1,0,
PKT-7-422,PC1,PC2,100,1,0,
PKT-7-423,PC1,PC2,100,1,0,
PKT-7-424,PC1,PC2,100,1,0,
PKT-7-425,PC1,PC2,100,1,0,
PKT-7-426,PC1,PC2,100,1,0,
PKT-7-427,PC1,PC2,100,1,0,
PKT-7-428,PC1,PC2,100,1,0,
PKT-7-429,PC1,PC2,100,1,0,
PKT-7-430,PC1,PC2,100,1,0,
PKT-7-431,PC1,PC2,100,1,0,
PKT-7-432,PC1,PC2,100,1,0,
PKT-7-433,PC1,PC2,100,1,0,
PKT-7-434,PC1,PC2,100,1,0,
PKT-7-435,PC1,PC2,100,1,0,
PKT-7-436,PC1,PC2,100,1,0,
PKT-7-437,PC1,PC2,100,1,0,
PKT-7-438,PC1,PC2,100,1,0,
PKT-7-439,PC1,PC2,100,1,0,
PKT-8-440,PC1,PC2,100,1,0,
PKT-8-441,PC1,PC2,100,1,0,
PKT-8-442,PC1,PC2,100,1,0,
PKT-8-443,PC1,PC2,100,1,0,
PKT-8-444,PC1,PC2,100,1,0,
PKT-8-445,PC1,PC2,100,1,0,
PKT-8-446,PC1,PC2,100,1,0,
PKT-8-447,PC1,PC2,100,1,0,
PKT-8-448,PC1,PC2,100,1,0,
PKT-8-449,PC1,PC2,100,1,0,
PKT-8-450,PC1,PC2,100,1,0,
PKT-8-451,PC1,PC2,100,1,0,
PKT-8-452,PC1,PC2,100,1,0,
PKT-8-453,PC1,PC2,100,1,0,
PKT-8-454,PC1,PC2,100,1,0,
PKT-8-455,PC1,PC2,100,1,0,
PKT-8-456,PC1,PC2,100,1,0,
PKT-8-457,PC1,PC2,100,1,0,
PKT-8-458,PC1,PC2,100,1,0,
PKT-8-459,PC1,PC2,100,1,0,
PKT-8-460,PC1,PC2,100,1,0,
PKT-8-461,PC1,PC2,100,1,0,
PKT-8-462,PC1,PC2,100,1,0,
PKT-8-463,PC1,PC2,100,1,0,
PKT-8-464,PC1,PC2,100,1,0,
PKT-8-465,PC1,PC2,100,1,0,
PKT-8-466,PC1,PC2,100,1,0,
PKT-8-467,PC1,PC2,100,1,0,
PKT-8-468,PC1,PC2,100,1,0,
PKT-8-469,PC1,PC2,100,1,0,
PKT-8-470,PC1,PC2,100,1,0,
PKT-8-471,PC1,PC2,100,1,0,
PKT-8-472,PC1,PC2,100,1,0,
PKT-8-473,PC1,PC2,100,1,0,
PKT-8-474,PC1,PC2,100,1,0,
PKT-8-475,PC1,PC2,100,1,0,
PKT-8-476,PC1,PC2,100,1,0,
PKT-8-477,PC1,PC2,100,1,0,
PKT-8-478,PC1,PC2,100,1,0,
PKT-8-479,PC1,PC2,100,1,0,
PKT-8-480,PC1,PC2,100,1,0,
PKT-8-481,PC1,PC2,100,1,0,
PKT-8-482,PC1,PC2,100,1,0,
PKT-8-483,PC1,PC2,100,1,0,
PKT-8-484,PC1,PC2,100,1,0,
PKT-8-485,PC1,PC2,100,1,0,
PKT-8-486,PC1,PC2,100,1,0,
PKT-8-487,PC1,PC2,100,1,0,
PKT-8-488,PC1,PC2,100,1,0,
PKT-8-489,PC1,PC2,100,1,0,
PKT-8-490,PC1,PC2,100,1,0,
PKT-8-491,PC1,PC2,100,1,0,
PKT-8-492,PC1,PC2,100,1,0,
PKT-8-493,PC1,PC2,100,1,0,
PKT-8-494,PC1,PC2,100,1,0,
PKT-9-495,PC1,PC2,100,1,0,
PKT-9-496,PC1,PC2,100,1,0,
PKT-9-497,PC1,PC2,100,1,0,
PKT-9-498,PC1,PC2,100,1,0,
PKT-9-499,PC1,PC2,100,1,0,
PKT-9-500,PC1,PC2,100,1,0,
PKT-9-501,PC1,PC2,100,1,0,
PKT-9-502,PC1,PC2,100,1,0,
PKT-9-503,PC1,PC2,100,1,0,
PKT-9-504,PC1,PC2,100,1,0,
PKT-9-505,PC1,PC2,100,1,0,
PKT-9-506,PC1,PC2,100,1,0,
PKT-9-507,PC1,PC2,100,1,0,
PKT-9-508,PC1,PC2,100,1,0,
PKT-9-509,PC1,PC2,100,1,0,
PKT-9-510,PC1,PC2,100,1,0,
PKT-9-511,PC1,PC2,100,1,0,
PKT-9-512,PC1,PC2,100,1,0,
PKT-9-513,PC1,PC2,100,1,0,
PKT-9-514,PC1,PC2,100,1,0,
PKT-9-515,PC1,PC2,100,1,0,
PKT-9-516,PC1,PC2,100,1,0,
PKT-9-517,PC1,PC2,100,1,0,
PKT-9-518,PC1,PC2,100,1,0,
PKT-9-519,PC1,PC2,100,1,0,
PKT-9-520,PC1,PC2,100,1,0,
PKT-9-521,PC1,PC2,100,1,0,
PKT-9-522,PC1,PC2,100,1,0,
PKT-9-523,PC1,PC2,100,1,0,
PKT-9-524,PC1,PC2,100,1,0,
PKT-9-525,PC1,PC2,100,1,0,
PKT-9-526,PC1,PC2,100,1,0,
PKT-9-527,PC1,PC2,100,1,0,
PKT-9-528,PC1,PC2,100,1,0,
PKT-9-529,PC1,PC2,100,1,0,
PKT-9-530,PC1,PC2,100,1,0,
PKT-9-531,PC1,PC2,100,1,0,
PKT-9-532,PC1,PC2,100,1,0,
PKT-9-533,PC1,PC2,100,1,0,
PKT-9-534,PC1,PC2,100,1,0,
PKT-9-535,PC1,PC2,100,1,0,
PKT-9-536,PC1,PC2,100,1,0,
PKT-9-537,PC1,PC2,100,1,0,
PKT-9-538,PC1,PC2,100,1,0,
PKT-9-539,PC1,PC2,100,1,0,
PKT-9-540,PC1,PC2,100,1,0,
PKT-9-541,PC1,PC2,100,1,0,
PKT-9-542,PC1,PC2,100,1,0,
PKT-9-543,PC1,PC2,100,1,0,
PKT-9-544,PC1,PC2,100,1,0,
PKT-9-545,PC1,PC2,100,1,0,
PKT-9-546,PC1,PC2,100,1,0,
PKT-9-547,PC1,PC2,100,1,0,
PKT-9-548,PC1,PC2,100,1,0,
PKT-9-549,PC1,PC2,100,1,0,
PKT-10-550,PC1,PC2,100,1,0,
PKT-10-551,PC1,PC2,100,1,0,
PKT-10-552,PC1,PC2,100,1,0,
PKT-10-553,PC1,PC2,100,1,0,
PKT-10-554,PC1,PC2,100,1,0,
PKT-10-555,PC1,PC2,100,1,0,
PKT-10-556,PC1,PC2,100,1,0,
PKT-10-557,PC1,PC2,100,1,0,
PKT-10-558,PC1,PC2,100,1,0,
PKT-10-559,PC1,PC2,100,1,0,
PKT-10-560,PC1,PC2,100,1,0,
PKT-10-561,PC1,PC2,100,1,0,
PKT-10-562,PC1,PC2,100,1,0,
PKT-10-563,PC1,PC2,100,1,0,
PKT-10-564,PC1,PC2,100,1,0,
PKT-10-565,PC1,PC2,100,1,0,
PKT-10-566,PC1,PC2,100,1,0,
PKT-10-567,PC1,PC2,100,1,0,
PKT-10-568,PC1,PC2,100,1,0,
PKT-10-569,PC1,PC2,100,1,0,
PKT-10-570,PC1,PC2,100,1,0,
PKT-10-571,PC1,PC2,100,1,0,
PKT-10-572,PC1,PC2,100,1,0,
PKT-10-573,PC1,PC2,100,1,0,
PKT-10-574,PC1,PC2,100,1,0,
PKT-10-575,PC1,PC2,100,1,0,
PKT-10-576,PC1,PC2,100,1,0,
PKT-10-577,PC1,PC2,100,1,0,
PKT-10-578,PC1,PC2,100,1,0,
PKT-10-579,PC1,PC2,100,1,0,
PKT-10-580,PC1,PC2,100,1,0,
PKT-10-581,PC1,PC2,100,1,0,
PKT-10-582,PC1,PC2,100,1,0,
PKT-10-583,PC1,PC2,100,1,0,
PKT-10-584,PC1,PC2,100,1,0,
PKT-10-585,PC1,PC2,100,1,0,
PKT-10-586,PC1,PC2,100,1,0,
PKT-10-587,PC1,PC2,100,1,0,
PKT-10-588,PC1,PC2,100,1,0,
PKT-10-589,PC1,PC2,100,1,0,
PKT-10-590,PC1,PC2,100,1,0,
PKT-10-591,PC1,PC2,100,1,0,
PKT-10-592,PC1,PC2,100,1,0,
PKT-10-593,PC1,PC2,100,1,0,
PKT-10-594,PC1,PC2,100,1,0,
PKT-10-595,PC1,PC2,100,1,0,
PKT-10-596,PC1,PC2,100,1,0,
PKT-10-597,PC1,PC2,100,1,0,
PKT-10-598,PC1,PC2,100,1,0,
PKT-10-599,PC1,PC2,100,1,0,
PKT-10-600,PC1,PC2,100,1,0,
PKT-10-601,PC1,PC2,100,1,0,
PKT-10-602,PC1,PC2,100,1,0,
PKT-10-603,PC1,PC2,100,1,0,
PKT-10-604,PC1,PC2,100,1,0,
PKT-11-605,PC1,PC2,100,1,0,
PKT-11-606,PC1,PC2,100,1,0,
PKT-11-607,PC1,PC2,100,1,0,
PKT-11-608,PC1,PC2,100,1,0,
PKT-11-609,PC1,PC2,100,1,0,
PKT-11-610,PC1,PC2,100,1,0,
PKT-11-611,PC1,PC2,100,1,0,
PKT-11-612,PC1,PC2,100,1,0,
PKT-11-613,PC1,PC2,100,1,0,
PKT-11-614,PC1,PC2,100,1,0,
PKT-11-615,PC1,PC2,100,1,0,
PKT-11-616,PC1,PC2,100,1,0,
PKT-11-617,PC1,PC2,100,1,0,
PKT-11-618,PC1,PC2,100,1,0,
PKT-11-619,PC1,PC2,100,1,0,
PKT-11-620,PC1,PC2,100,1,0,
PKT-11-621,PC1,PC2,100,1,0,
PKT-11-622,PC1,PC2,100,1,0,
PKT-11-623,PC1,PC2,100,1,0,
PKT-11-624,PC1,PC2,100,1,0,
PKT-11-625,PC1,PC2,100,1,0,
PKT-11-626,PC1,PC2,100,1,0,
PKT-11-627,PC1,PC2,100,1,0,
PKT-11-628,PC1,PC2,100,1,0,
PKT-11-629,PC1,PC2,100,1,0,
PKT-11-630,PC1,PC2,100,1,0,
PKT-11-631,PC1,PC2,100,1,0,
PKT-11-632,PC1,PC2,100,1,0,
PKT-11-633,PC1,PC2,100,1,0,
PKT-11-634,PC1,PC2,100,1,0,
PKT-11-635,PC1,PC2,100,1,0,
PKT-11-636,PC1,PC2,100,1,0,
PKT-11-637,PC1,PC2,100,1,0,
PKT-11-638,PC1,PC2,100,1,0,
PKT-11-639,PC1,PC2,100,1,0,
PKT-11-640,PC1,PC2,100,1,0,
PKT-11-641,PC1,PC2,100,1,0,
PKT-11-642,PC1,PC2,100,1,0,
PKT-11-643,PC1,PC2,100,1,0,
PKT-11-644,PC1,PC2,100,1,0,
PKT-11-645,PC1,PC2,100,1,0,
PKT-11-646,PC1,PC2,100,1,0,
PKT-11-647,PC1,PC2,100,1,0,
PKT-11-648,PC1,PC2,100,1,0,
PKT-11-649,PC1,PC2,100,1,0,
PKT-11-650,PC1,PC2,100,1,0,
PKT-11-651,PC1,PC2,100,1,0,
PKT-11-652,PC1,PC2,100,1,0,
PKT-11-653,PC1,PC2,100,1,0,
PKT-11-654,PC1,PC2,100,1,0,
PKT-11-655,PC1,PC2,100,1,0,
PKT-11-656,PC1,PC2,100,1,0,
PKT-11-657,PC1,PC2,100,1,0,
PKT-11-658,PC1,PC2,100,1,0,
PKT-11-659,PC1,PC2,100,1,0,
PKT-12-660,PC1,PC2,100,1,0,
PKT-12-661,PC1,PC2,100,1,0,
PKT-12-662,PC1,PC2,100,1,0,
PKT-12-663,PC1,PC2,100,1,0,
PKT-12-664,PC1,PC2,100,1,0,
PKT-12-665,PC1,PC2,100,1,0,
PKT-12-666,PC1,PC2,100,1,0,
PKT-12-667,PC1,PC2,100,1,0,
PKT-12-668,PC1,PC2,100,1,0,
PKT-12-669,PC1,PC2,100,1,0,
PKT-12-670,PC1,PC2,100,1,0,
PKT-12-671,PC1,PC2,100,1,0,
PKT-12-672,PC1,PC2,100,1,0,
PKT-12-673,PC1,PC2,100,1,0,
PKT-12-674,PC1,PC2,100,1,0,
PKT-12-675,PC1,PC2,100,1,0,
PKT-12-676,PC1,PC2,100,1,0,
PKT-12-677,PC1,PC2,100,1,0,
PKT-12-678,PC1,PC2,100,1,0,
PKT-12-679,PC1,PC2,100,1,0,
PKT-12-680,PC1,PC2,100,1,0,
PKT-12-681,PC1,PC2,100,1,0,
PKT-12-682,PC1,PC2,100,1,0,
PKT-12-683,PC1,PC2,100,1,0,
PKT-12-684,PC1,PC2,100,1,0,
PKT-12-685,PC1,PC2,100,1,0,
PKT-12-686,PC1,PC2,100,1,0,
PKT-12-687,PC1,PC2,100,1,0,
PKT-12-688,PC1,PC2,100,1,0,
PKT-12-689,PC1,PC2,100,1,0,
PKT-12-690,PC1,PC2,100,1,0,
PKT-12-691,PC1,PC2,100,1,0,
PKT-12-692,PC1,PC2,100,1,0,
PKT-12-693,PC1,PC2,100,1,0,
PKT-12-694,PC1,PC2,100,1,0,
PKT-12-695,PC1,PC2,100,1,0,
PKT-12-696,PC1,PC2,100,1,0,
PKT-12-697,PC1,PC2,100,1,0,
PKT-12-698,PC1,PC2,100,1,0,
PKT-12-699,PC1,PC2,100,1,0,
PKT-12-700,PC1,PC2,100,1,0,
PKT-12-701,PC1,PC2,100,1,0,
PKT-12-702,PC1,PC2,100,1,0,
PKT-12-703,PC1,PC2,100,1,0,
PKT-12-704,PC1,PC2,100,1,0,
PKT-12-705,PC1,PC2,100,1,0,
PKT-12-706,PC1,PC2,100,1,0,
PKT-12-707,PC1,PC2,100,1,0,
PKT-12-708,PC1,PC2,100,1,0,
PKT-12-709,PC1,PC2,100,1,0,
PKT-12-710,PC1,PC2,100,1,0,
PKT-12-711,PC1,PC2,100,1,0,
PKT-12-712,PC1,PC2,100,1,0,
PKT-12-713,PC1,PC2,100,1,0,
PKT-12-714,PC1,PC2,100,1,0,
PKT-13-715,PC1,PC2,100,1,0,
PKT-13-716,PC1,PC2,100,1,0,
PKT-13-717,PC1,PC2,100,1,0,
PKT-13-718,PC1,PC2,100,1,0,
PKT-13-719,PC1,PC2,100,1,0,
PKT-13-720,PC1,PC2,100,1,0,
PKT-13-721,PC1,PC2,100,1,0,
PKT-13-722,PC1,PC2,100,1,0,
PKT-13-723,PC1,PC2,100,1,0,
PKT-13-724,PC1,PC2,100,1,0,
PKT-13-725,PC1,PC2,100,1,0,
PKT-13-726,PC1,PC2,100,1,0,
PKT-13-727,PC1,PC2,100,1,0,
PKT-13-728,PC1,PC2,100,1,0,
PKT-13-729,PC1,PC2,100,1,0,
PKT-13-730,PC1,PC2,100,1,0,
PKT-13-731,PC1,PC2,100,1,0,
PKT-13-732,PC1,PC2,100,1,0,
PKT-13-733,PC1,PC2,100,1,0,
PKT-13-734,PC1,PC2,100,1,0,
PKT-13-735,PC1,PC2,100,1,0,
PKT-13-736,PC1,PC2,100,1,0,
PKT-13-737,PC1,PC2,100,1,0,
PKT-13-738,PC1,PC2,100,1,0,
PKT-13-739,PC1,PC2,100,1,0,
PKT-13-740,PC1,PC2,100,1,0,
PKT-13-741,PC1,PC2,100,1,0,
PKT-13-742,PC1,PC2,100,1,0,
PKT-13-743,PC1,PC2,100,1,0,
PKT-13-744,PC1,PC2,100,1,0,
PKT-13-745,PC1,PC2,100,1,0,
PKT-13-746,PC1,PC2,100,1,0,
PKT-13-747,PC1,PC2,100,1,0,
PKT-13-748,PC1,PC2,100,1,0,
PKT-13-749,PC1,PC2,100,1,0,
PKT-13-750,PC1,PC2,100,1,0,
PKT-13-751,PC1,PC2,100,1,0,
PKT-13-752,PC1,PC2,100,1,0,
PKT-13-753,PC1,PC2,100,1,0,
PKT-13-754,PC1,PC2,100,1,0,
PKT-13-755,PC1,PC2,100,1,0,
PKT-13-756,PC1,PC2,100,1,0,
PKT-13-757,PC1,PC2,100,1,0,
PKT-13-758,PC1,PC2,100,1,0,
PKT-13-759,PC1,PC2,100,1,0,
PKT-13-760,PC1,PC2,100,1,0,
PKT-13-761,PC1,PC2,100,1,0,
PKT-13-762,PC1,PC2,100,1,0,
PKT-13-763,PC1,PC2,100,1,0,
PKT-13-764,PC1,PC2,100,1,0,
PKT-13-765,PC1,PC2,100,1,0,
PKT-13-766,PC1,PC2,100,1,0,
PKT-13-767,PC1,PC2,100,1,0,
PKT-13-768,PC1,PC2,100,1,0,
PKT-13-769,PC1,PC2,100,1,0,
PKT-14-770,PC1,PC2,100,1,0,
PKT-14-771,PC1,PC2,100,1,0,
PKT-14-772,PC1,PC2,100,1,0,
PKT-14-773,PC1,PC2,100,1,0,
PKT-14-774,PC1,PC2,100,1,0,
PKT-14-775,PC1,PC2,100,1,0,
PKT-14-776,PC1,PC2,100,1,0,
PKT-14-777,PC1,PC2,100,1,0,
PKT-14-778,PC1,PC2,100,1,0,
PKT-14-779,PC1,PC2,100,1,0,
PKT-14-780,PC1,PC2,100,1,0,
PKT-14-781,PC1,PC2,100,1,0,
PKT-14-782,PC1,PC2,100,1,0,
PKT-14-783,PC1,PC2,100,1,0,
PKT-14-784,PC1,PC2,100,1,0,
PKT-14-785,PC1,PC2,100,1,0,
PKT-14-786,PC1,PC2,100,1,0,
PKT-14-787,PC1,PC2,100,1,0,
PKT-14-788,PC1,PC2,100,1,0,
PKT-14-789,PC1,PC2,100,1,0,
PKT-14-790,PC1,PC2,100,1,0,
PKT-14-791,PC1,PC2,100,1,0,
PKT-14-792,PC1,PC2,100,1,0,
PKT-14-793,PC1,PC2,100,1,0,
PKT-14-794,PC1,PC2,100,1,0,
PKT-14-795,PC1,PC2,100,1,0,
PKT-14-796,PC1,PC2,100,1,0,
PKT-14-797,PC1,PC2,100,1,0,
PKT-14-798,PC1,PC2,100,1,0,
PKT-14-799,PC1,PC2,100,1,0,
PKT-14-800,PC1,PC2,100,1,0,
PKT-14-801,PC1,PC2,100,1,0,
PKT-14-802,PC1,PC2,100,1,0,
PKT-14-803,PC1,PC2,100,1,0,
PKT-14-804,PC1,PC2,100,1,0,
PKT-14-805,PC1,PC2,100,1,0,
PKT-14-806,PC1,PC2,100,1,0,
PKT-14-807,PC1,PC2,100,1,0,
PKT-14-808,PC1,PC2,100,1,0,
PKT-14-809,PC1,PC2,100,1,0,
PKT-14-810,PC1,PC2,100,1,0,
PKT-14-811,PC1,PC2,100,1,0,
PKT-14-812,PC1,PC2,100,1,0,
PKT-14-813,PC1,PC2,100,1,0,
PKT-14-814,PC1,PC2,100,1,0,
PKT-14-815,PC1,PC2,100,1,0,
PKT-14-816,PC1,PC2,100,1,0,
PKT-14-817,PC1,PC2,100,1,0,
PKT-14-818,PC1,PC2,100,1,0,
PKT-14-819,PC1,PC2,100,1,0,
PKT-14-820,PC1,PC2,100,1,0,
PKT-14-821,PC1,PC2,100,1,0,
PKT-14-822,PC1,PC2,100,1,0,
PKT-14-823,PC1,PC2,100,1,0,
PKT-14-824,PC1,PC2,100,1,0,
PKT-15-825,PC1,PC2,100,1,0,
PKT-15-826,PC1,PC2,100,1,0,
PKT-15-827,PC1,PC2,100,1,0,
PKT-15-828,PC1,PC2,100,1,0,
PKT-15-829,PC1,PC2,100,1,0,
PKT-15-830,PC1,PC2,100,1,0,
PKT-15-831,PC1,PC2,100,1,0,
PKT-15-832,PC1,PC2,100,1,0,
PKT-15-833,PC1,PC2,100,1,0,
PKT-15-834,PC1,PC2,100,1,0,
PKT-15-835,PC1,PC2,100,1,0,
PKT-15-836,PC1,PC2,100,1,0,
PKT-15-837,PC1,PC2,100,1,0,
PKT-15-838,PC1,PC2,100,1,0,
PKT-15-839,PC1,PC2,100,1,0,
PKT-15-840,PC1,PC2,100,1,0,
PKT-15-841,PC1,PC2,100,1,0,
PKT-15-842,PC1,PC2,100,1,0,
PKT-15-843,PC1,PC2,100,1,0,
PKT-15-844,PC1,PC2,100,1,0,
PKT-15-845,PC1,PC2,100,1,0,
PKT-15-846,PC1,PC2,100,1,0,
PKT-15-847,PC1,PC2,100,1,0,
PKT-15-848,PC1,PC2,100,1,0,
PKT-15-849,PC1,PC2,100,1,0,
PKT-15-850,PC1,PC2,100,1,0,
PKT-15-851,PC1,PC2,100,1,0,
PKT-15-852,PC1,PC2,100,1,0,
PKT-15-853,PC1,PC2,100,1,0,
PKT-15-854,PC1,PC2,100,1,0,
PKT-15-855,PC1,PC2,100,1,0,
PKT-15-856,PC1,PC2,100,1,0,
PKT-15-857,PC1,PC2,100,1,0,
PKT-15-858,PC1,PC2,100,1,0,
PKT-15-859,PC1,PC2,100,1,0,
PKT-15-860,PC1,PC2,100,1,0,
PKT-15-861,PC1,PC2,100,1,0,
PKT-15-862,PC1,PC2,100,1,0,
PKT-15-863,PC1,PC2,100,1,0,
PKT-15-864,PC1,PC2,100,1,0,
PKT-15-865,PC1,PC2,100,1,0,
PKT-15-866,PC1,PC2,100,1,0,
PKT-15-867,PC1,PC2,100,1,0,
PKT-15-868,PC1,PC2,100,1,0,
PKT-15-869,PC1,PC2,100,1,0,
PKT-15-870,PC1,PC2,100,1,0,
PKT-15-871,PC1,PC2,100,1,0,
PKT-15-872,PC1,PC2,100,1,0,
PKT-15-873,PC1,PC2,100,1,0,
PKT-15-874,PC1,PC2,100,1,0,
PKT-15-875,PC1,PC2,100,1,0,
PKT-15-876,PC1,PC2,100,1,0,
PKT-15-877,PC1,PC2,100,1,0,
PKT-15-878,PC1,PC2,100,1,0,
PKT-15-879,PC1,PC2,100,1,0,
PKT-16-880,PC1,PC2,100,1,0,
PKT-16-881,PC1,PC2,100,1,0,
PKT-16-882,PC1,PC2,100,1,0,
PKT-16-883,PC1,PC2,100,1,0,
PKT-16-884,PC1,PC2,100,1,0,
PKT-16-885,PC1,PC2,100,1,0,
PKT-16-886,PC1,PC2,100,1,0,
PKT-16-887,PC1,PC2,100,1,0,
PKT-16-888,PC1,PC2,100,1,0,
PKT-16-889,PC1,PC2,100,1,0,
PKT-16-890,PC1,PC2,100,1,0,
PKT-16-891,PC1,PC2,100,1,0,
PKT-16-892,PC1,PC2,100,1,0,
PKT-16-893,PC1,PC2,100,1,0,
PKT-16-894,PC1,PC2,100,1,0,
PKT-16-895,PC1,PC2,100,1,0,
PKT-16-896,PC1,PC2,100,1,0,
PKT-16-897,PC1,PC2,100,1,0,
PKT-16-898,PC1,PC2,100,1,0,
PKT-16-899,PC1,PC2,100,1,0,
PKT-16-900,PC1,PC2,100,1,0,
PKT-16-901,PC1,PC2,100,1,0,
PKT-16-902,PC1,PC2,100,1,0,
PKT-16-903,PC1,PC2,100,1,0,
PKT-16-904,PC1,PC2,100,1,0,
PKT-16-905,PC1,PC2,100,1,0,
PKT-16-906,PC1,PC2,100,1,0,
PKT-16-907,PC1,PC2,100,1,0,
PKT-16-908,PC1,PC2,100,1,0,
PKT-16-909,PC1,PC2,100,1,0,
PKT-16-910,PC1,PC2,100,1,0,
PKT-16-911,PC1,PC2,100,1,0,
PKT-16-912,PC1,PC2,100,1,0,
PKT-16-913,PC1,PC2,100,1,0,
PKT-16-914,PC1,PC2,100,1,0,
PKT-16-915,PC1,PC2,100,1,0,
PKT-16-916,PC1,PC2,100,1,0,
PKT-16-917,PC1,PC2,100,1,0,
PKT-16-918,PC1,PC2,100,1,0,
PKT-16-919,PC1,PC2,100,1,0,
PKT-16-920,PC1,PC2,100,1,0,
PKT-16-921,PC1,PC2,100,1,0,
PKT-16-922,PC1,PC2,100,1,0,
PKT-16-923,PC1,PC2,100,1,0,
PKT-16-924,PC1,PC2,100,1,0,
PKT-16-925,PC1,PC2,100,1,0,
PKT-16-926,PC1,PC2,100,1,0,
PKT-16-927,PC1,PC2,100,1,0,
PKT-16-928,PC1,PC2,100,1,0,
PKT-16-929,PC1,PC2,100,1,0,
PKT-16-930,PC1,PC2,100,1,0,
PKT-16-931,PC1,PC2,100,1,0,
PKT-16-932,PC1,PC2,100,1,0,
PKT-16-933,PC1,PC2,100,1,0,
PKT-16-934,PC1,PC2,100,1,0,
PKT-17-935,PC1,PC2,100,1,0,
PKT-17-936,PC1,PC2,100,1,0,
PKT-17-937,PC1,PC2,100,1,0,
PKT-17-938,PC1,PC2,100,1,0,
PKT-17-939,PC1,PC2,100,1,0,
PKT-17-940,PC1,PC2,100,1,0,
PKT-17-941,PC1,PC2,100,1,0,
PKT-17-942,PC1,PC2,100,1,0,
PKT-17-943,PC1,PC2,100,1,0,
PKT-17-944,PC1,PC2,100,1,0,
PKT-17-945,PC1,PC2,100,1,0,
PKT-17-946,PC1,PC2,100,1,0,
PKT-17-947,PC1,PC2,100,1,0,
PKT-17-948,PC1,PC2,100,1,0,
PKT-17-949,PC1,PC2,100,1,0,
PKT-17-950,PC1,PC2,100,1,0,
PKT-17-951,PC1,PC2,100,1,0,
PKT-17-952,PC1,PC2,100,1,0,
PKT-17-953,PC1,PC2,100,1,0,
PKT-17-954,PC1,PC2,100,1,0,
PKT-17-955,PC1,PC2,100,1,0,
PKT-17-956,PC1,PC2,100,1,0,
PKT-17-957,PC1,PC2,100,1,0,
PKT-17-958,PC1,PC2,100,1,0,
PKT-17-959,PC1,PC2,100,1,0,
PKT-17-960,PC1,PC2,100,1,0,
PKT-17-961,PC1,PC2,100,1,0,
PKT-17-962,PC1,PC2,100,1,0,
PKT-17-963,PC1,PC2,100,1,0,
PKT-17-964,PC1,PC2,100,1,0,
PKT-17-965,PC1,PC2,100,1,0,
PKT-17-966,PC1,PC2,100,1,0,
PKT-17-967,PC1,PC2,100,1,0,
PKT-17-968,PC1,PC2,100,1,0,
PKT-17-969,PC1,PC2,100,1,0,
PKT-17-970,PC1,PC2,100,1,0,
PKT-17-971,PC1,PC2,100,1,0,
PKT-17-972,PC1,PC2,100,1,0,
PKT-17-973,PC1,PC2,100,1,0,
PKT-17-974,PC1,PC2,100,1,0,
PKT-17-975,PC1,PC2,100,1,0,
PKT-17-976,PC1,PC2,100,1,0,
PKT-17-977,PC1,PC2,100,1,0,
PKT-17-978,PC1,PC2,100,1,0,
PKT-17-979,PC1,PC2,100,1,0,
PKT-17-980,PC1,PC2,100,1,0,
PKT-17-981,PC1,PC2,100,1,0,
PKT-17-982,PC1,PC2,100,1,0,
PKT-17-983,PC1,PC2,100,1,0,
PKT-17-984,PC1,PC2,100,1,0,
PKT-17-985,PC1,PC2,100,1,0,
PKT-17-986,PC1,PC2,100,1,0,
PKT-17-987,PC1,PC2,100,1,0,
PKT-17-988,PC1,PC2,100,1,0,
PKT-17-989,PC1,PC2,100,1,0,
PKT-18-990,PC1,PC2,100,1,0,
PKT-18-991,PC1,PC2,100,1,0,
PKT-18-992,PC1,PC2,100,1,0,
PKT-18-993,PC1,PC2,100,1,0,
PKT-18-994,PC1,PC2,100,1,0,
PKT-18-995,PC1,PC2,100,1,0,
PKT-18-996,PC1,PC2,100,1,0,
PKT-18-997,PC1,PC2,100,1,0,
PKT-18-998,PC1,PC2,100,1,0,
PKT-18-999,PC1,PC2,100,1,0,
PKT-18-1000,PC1,PC2,100,1,0,
PKT-18-1001,PC1,PC2,100,1,0,
PKT-18-1002,PC1,PC2,100,1,0,
PKT-18-1003,PC1,PC2,100,1,0,
PKT-18-1004,PC1,PC2,100,1,0,
PKT-18-1005,PC1,PC2,100,1,0,
PKT-18-1006,PC1,PC2,100,1,0,
PKT-18-1007,PC1,PC2,100,1,0,
PKT-18-1008,PC1,PC2,100,1,0,
PKT-18-1009,PC1,PC2,100,1,0,
PKT-18-1010,PC1,PC2,100,1,0,
PKT-18-1011,PC1,PC2,100,1,0,
PKT-18-1012,PC1,PC2,100,1,0,
PKT-18-1013,PC1,PC2,100,1,0,
PKT-18-1014,PC1,PC2,100,1,0,
PKT-18-1015,PC1,PC2,100,1,0,
PKT-18-1016,PC1,PC2,100,1,0,
PKT-18-1017,PC1,PC2,100,1,0,
PKT-18-1018,PC1,PC2,100,1,0,
PKT-18-1019,PC1,PC2,100,1,0,
PKT-18-1020,PC1,PC2,100,1,0,
PKT-18-1021,PC1,PC2,100,1,0,
PKT-18-1022,PC1,PC2,100,1,0,
PKT-18-1023,PC1,PC2,100,1,0,
PKT-18-1024,PC1,PC2,100,1,0,
PKT-18-1025,PC1,PC2,100,1,0,
PKT-18-1026,PC1,PC2,100,1,0,
PKT-18-1027,PC1,PC2,100,1,0,
PKT-18-1028,PC1,PC2,100,1,0,
PKT-18-1029,PC1,PC2,100,1,0,
PKT-18-1030,PC1,PC2,100,1,0,
PKT-18-1031,PC1,PC2,100,1,0,
PKT-18-1032,PC1,PC2,100,1,0,
PKT-18-1033,PC1,PC2,100,1,0,
PKT-18-1034,PC1,PC2,100,1,0,
PKT-18-1035,PC1,PC2,100,1,0,
PKT-18-1036,PC1,PC2,100,1,0,
PKT-18-1037,PC1,PC2,100,1,0,
PKT-18-1038,PC1,PC2,100,1,0,
PKT-18-1039,PC1,PC2,100,1,0,
PKT-18-1040,PC1,PC2,100,1,0,
PKT-18-1041,PC1,PC2,100,1,0,
PKT-18-1042,PC1,PC2,100,1,0,
PKT-18-1043,PC1,PC2,100,1,0,
PKT-18-1044,PC1,PC2,100,1,0,
PKT-19-1045,PC1,PC2,100,1,0,
PKT-19-1046,PC1,PC2,100,1,0,
PKT-19-1047,PC1,PC2,100,1,0,
PKT-19-1048,PC1,PC2,100,1,0,
PKT-19-1049,PC1,PC2,100,1,0,
PKT-19-1050,PC1,PC2,100,1,0,
PKT-19-1051,PC1,PC2,100,1,0,
PKT-19-1052,PC1,PC2,100,1,0,
PKT-19-1053,PC1,PC2,100,1,0,
PKT-19-1054,PC1,PC2,100,1,0,
PKT-19-1055,PC1,PC2,100,1,0,
PKT-19-1056,PC1,PC2,100,1,0,
PKT-19-1057,PC1,PC2,100,1,0,
PKT-19-1058,PC1,PC2,100,1,0,
PKT-19-1059,PC1,PC2,100,1,0,
PKT-19-1060,PC1,PC2,100,1,0,
PKT-19-1061,PC1,PC2,100,1,0,
PKT-19-1062,PC1,PC2,100,1,0,
PKT-19-1063,PC1,PC2,100,1,0,
PKT-19-1064,PC1,PC2,100,1,0,
PKT-19-1065,PC1,PC2,100,1,0,
PKT-19-1066,PC1,PC2,100,1,0,
PKT-19-1067,PC1,PC2,100,1,0,
PKT-19-1068,PC1,PC2,100,1,0,
PKT-19-1069,PC1,PC2,100,1,0,
PKT-19-1070,PC1,PC2,100,1,0,
PKT-19-1071,PC1,PC2,100,1,0,
PKT-19-1072,PC1,PC2,100,1,0,
PKT-19-1073,PC1,PC2,100,1,0,
PKT-19-1074,PC1,PC2,100,1,0,
PKT-19-1075,PC1,PC2,100,1,0,
PKT-19-1076,PC1,PC2,100,1,0,
PKT-19-1077,PC1,PC2,100,1,0,
PKT-19-1078,PC1,PC2,100,1,0,
PKT-19-1079,PC1,PC2,100,1,0,
PKT-19-1080,PC1,PC2,100,1,0,
PKT-19-1081,PC1,PC2,100,1,0,
PKT-19-1082,PC1,PC2,100,1,0,
PKT-19-1083,PC1,PC2,100,1,0,
PKT-19-1084,PC1,PC2,100,1,0,
PKT-19-1085,PC1,PC2,100,1,0,
PKT-19-1086,PC1,PC2,100,1,0,
PKT-19-1087,PC1,PC2,100,1,0,
PKT-19-1088,PC1,PC2,100,1,0,
PKT-19-1089,PC1,PC2,100,1,0,
PKT-19-1090,PC1,PC2,100,1,0,
PKT-19-1091,PC1,PC2,100,1,0,
PKT-19-1092,PC1,PC2,100,1,0,
PKT-19-1093,PC1,PC2,100,1,0,
PKT-19-1094,PC1,PC2,100,1,0,
PKT-19-1095,PC1,PC2,100,1,0,
PKT-19-1096,PC1,PC2,100,1,0,
PKT-19-1097,PC1,PC2,100,1,0,
PKT-19-1098,PC1,PC2,100,1,0,
PKT-19-1099,PC1,PC2,100,1,0,
PKT-20-1100,PC1,PC2,100,1,0,
PKT-20-1101,PC1,PC2,100,1,0,
PKT-20-1102,PC1,PC2,100,1,0,
PKT-20-1103,PC1,PC2,100,1,0,
PKT-20-1104,PC1,PC2,100,1,0,
PKT-20-1105,PC1,PC2,100,1,0,
PKT-20-1106,PC1,PC2,100,1,0,
PKT-20-1107,PC1,PC2,100,1,0,
PKT-20-1108,PC1,PC2,100,1,0,
PKT-20-1109,PC1,PC2,100,1,0,
PKT-20-1110,PC1,PC2,100,1,0,
PKT-20-1111,PC1,PC2,100,1,0,
PKT-20-1112,PC1,PC2,100,1,0,
PKT-20-1113,PC1,PC2,100,1,0,
PKT-20-1114,PC1,PC2,100,1,0,
PKT-20-1115,PC1,PC2,100,1,0,
PKT-20-1116,PC1,PC2,100,1,0,
PKT-20-1117,PC1,PC2,100,1,0,
PKT-20-1118,PC1,PC2,100,1,0,
PKT-20-1119,PC1,PC2,100,1,0,
PKT-20-1120,PC1,PC2,100,1,0,
PKT-20-1121,PC1,PC2,100,1,0,
PKT-20-1122,PC1,PC2,100,1,0,
PKT-20-1123,PC1,PC2,100,1,0,
PKT-20-1124,PC1,PC2,100,1,0,
PKT-20-1125,PC1,PC2,100,1,0,
PKT-20-1126,PC1,PC2,100,1,0,
PKT-20-1127,PC1,PC2,100,1,0,
PKT-20-1128,PC1,PC2,100,1,0,
PKT-20-1129,PC1,PC2,100,1,0,
PKT-20-1130,PC1,PC2,100,1,0,
PKT-20-1131,PC1,PC2,100,1,0,
PKT-20-1132,PC1,PC2,100,1,0,
PKT-20-1133,PC1,PC2,100,1,0,
PKT-20-1134,PC1,PC2,100,1,0,
PKT-20-1135,PC1,PC2,100,1,0,
PKT-20-1136,PC1,PC2,100,1,0,
PKT-20-1137,PC1,PC2,100,1,0,
PKT-20-1138,PC1,PC2,100,1,0,
PKT-20-1139,PC1,PC2,100,1,0,
PKT-20-1140,PC1,PC2,100,1,0,
PKT-20-1141,PC1,PC2,100,1,0,
PKT-20-1142,PC1,PC2,100,1,0,
PKT-20-1143,PC1,PC2,100,1,0,
PKT-20-1144,PC1,PC2,100,1,0,
PKT-20-1145,PC1,PC2,100,1,0,
PKT-20-1146,PC1,PC2,100,1,0,
PKT-20-1147,PC1,PC2,100,1,0,
PKT-20-1148,PC1,PC2,100,1,0,
PKT-20-1149,PC1,PC2,100,1,0,
PKT-20-1150,PC1,PC2,100,1,0,
PKT-20-1151,PC1,PC2,100,1,0,
PKT-20-1152,PC1,PC2,100,1,0,
PKT-20-1153,PC1,PC2,100,1,0,
PKT-20-1154,PC1,PC2,100,1,0,
PKT-21-1155,PC1,PC2,100,1,0,
PKT-21-1156,PC1,PC2,100,1,0,
PKT-21-1157,PC1,PC2,100,1,0,
PKT-21-1158,PC1,PC2,100,1,0,
PKT-21-1159,PC1,PC2,100,1,0,
PKT-21-1160,PC1,PC2,100,1,0,
PKT-21-1161,PC1,PC2,100,1,0,
PKT-21-1162,PC1,PC2,100,1,0,
PKT-21-1163,PC1,PC2,100,1,0,
PKT-21-1164,PC1,PC2,100,1,0,
PKT-21-1165,PC1,PC2,100,1,0,
PKT-21-1166,PC1,PC2,100,1,0,
PKT-21-1167,PC1,PC2,100,1,0,
PKT-21-1168,PC1,PC2,100,1,0,
PKT-21-1169,PC1,PC2,100,1,0,
PKT-21-1170,PC1,PC2,100,1,0,
PKT-21-1171,PC1,PC2,100,1,0,
PKT-21-1172,PC1,PC2,100,1,0,
PKT-21-1173,PC1,PC2,100,1,0,
PKT-21-1174,PC1,PC2,100,1,0,
PKT-21-1175,PC1,PC2,100,1,0,
PKT-21-1176,PC1,PC2,100,1,0,
PKT-21-1177,PC1,PC2,100,1,0,
PKT-21-1178,PC1,PC2,100,1,0,
PKT-21-1179,PC1,PC2,100,1,0,
PKT-21-1180,PC1,PC2,100,1,0,
PKT-21-1181,PC1,PC2,100,1,0,
PKT-21-1182,PC1,PC2,100,1,0,
PKT-21-1183,PC1,PC2,100,1,0,
PKT-21-1184,PC1,PC2,100,1,0,
PKT-21-1185,PC1,PC2,100,1,0,
PKT-21-1186,PC1,PC2,100,1,0,
PKT-21-1187,PC1,PC2,100,1,0,
PKT-21-1188,PC1,PC2,100,1,0,
PKT-21-1189,PC1,PC2,100,1,0,
PKT-21-1190,PC1,PC2,100,1,0,
PKT-21-1191,PC1,PC2,100,1,0,
PKT-21-1192,PC1,PC2,100,1,0,
PKT-21-1193,PC1,PC2,100,1,0,
PKT-21-1194,PC1,PC2,100,1,0,
PKT-21-1195,PC1,PC2,100,1,0,
PKT-21-1196,PC1,PC2,100,1,0,
PKT-21-1197,PC1,PC2,100,1,0,
PKT-21-1198,PC1,PC2,100,1,0,
PKT-21-1199,PC1,PC2,100,1,0,
PKT-21-1200,PC1,PC2,100,1,0,
PKT-21-1201,PC1,PC2,100,1,0,
PKT-21-1202,PC1,PC2,100,1,0,
PKT-21-1203,PC1,PC2,100,1,0,
PKT-21-1204,PC1,PC2,100,1,0,
PKT-21-1205,PC1,PC2,100,1,0,
PKT-21-1206,PC1,PC2,100,1,0,
PKT-21-1207,PC1,PC2,100,1,0,
PKT-21-1208,PC1,PC2,100,1,0,
PKT-21-1209,PC1,PC2,100,1,0,
